{"cameraMode":{"drawMode":0,"name":"Shaded","section":"Shading Mode"},"sceneLighting":true,"audioPlay":false,"sceneViewState":{"showFog":true,"showMaterialUpdate":false,"showSkybox":true,"showFlares":true,"showImageEffects":true,"showParticleSystems":true},"in2DMode":false,"pivot":{"x":20.192901611328126,"y":-0.033716220408678058,"z":0.028775854036211969},"rotation":{"x":0.22163771092891694,"y":-0.007313388865441084,"z":0.0016623154515400529,"w":0.9751002192497253},"size":39.59734344482422,"orthographic":false}