{"cameraMode":{"drawMode":0,"name":"Shaded","section":"Shading Mode"},"sceneLighting":true,"audioPlay":false,"sceneViewState":{"showFog":true,"showMaterialUpdate":false,"showSkybox":true,"showFlares":true,"showImageEffects":true,"showParticleSystems":true},"in2DMode":false,"pivot":{"x":14.540157318115235,"y":0.26889950037002566,"z":3.290515422821045},"rotation":{"x":0.1679287999868393,"y":0.5408785343170166,"z":-0.11122465133666992,"w":0.8166283965110779},"size":10.157449722290039,"orthographic":false}