{"cameraMode":{"drawMode":0,"name":"Shaded","section":"Shading Mode"},"sceneLighting":true,"audioPlay":false,"sceneViewState":{"showFog":true,"showMaterialUpdate":false,"showSkybox":true,"showFlares":true,"showImageEffects":true,"showParticleSystems":true},"in2DMode":false,"pivot":{"x":67.83106994628906,"y":-0.07558102905750275,"z":8.967243194580079},"rotation":{"x":0.15676474571228028,"y":-0.03258670121431351,"z":0.00517352344468236,"w":0.9870875477790833},"size":45.078582763671878,"orthographic":false}