{"cameraMode":{"drawMode":0,"name":"Shaded","section":"Shading Mode"},"sceneLighting":true,"audioPlay":false,"sceneViewState":{"showFog":true,"showMaterialUpdate":false,"showSkybox":true,"showFlares":true,"showImageEffects":true,"showParticleSystems":true},"in2DMode":false,"pivot":{"x":-6.811099052429199,"y":16.078506469726564,"z":-20.17877197265625},"rotation":{"x":0.2768164873123169,"y":0.011530605144798756,"z":-0.0033223864156752826,"w":0.9608490467071533},"size":16.744882583618165,"orthographic":false}