{"cameraMode":{"drawMode":0,"name":"Shaded","section":"Shading Mode"},"sceneLighting":true,"audioPlay":false,"sceneViewState":{"showFog":true,"showMaterialUpdate":false,"showSkybox":true,"showFlares":true,"showImageEffects":true,"showParticleSystems":true},"in2DMode":false,"pivot":{"x":-57.30522155761719,"y":3.4752135276794435,"z":3.111480712890625},"rotation":{"x":-0.20141859352588654,"y":0.0064615109004080299,"z":-0.001328618498519063,"w":-0.9794853329658508},"size":47.1640625,"orthographic":false}