{"cameraMode":{"drawMode":0,"name":"Shaded","section":"Shading Mode"},"sceneLighting":true,"audioPlay":false,"sceneViewState":{"showFog":true,"showMaterialUpdate":false,"showSkybox":true,"showFlares":true,"showImageEffects":true,"showParticleSystems":true},"in2DMode":false,"pivot":{"x":-71.70907592773438,"y":9.62093448638916,"z":68.2457046508789},"rotation":{"x":-0.16421839594841004,"y":-0.597017228603363,"z":0.12650732696056367,"w":-0.7749864459037781},"size":31.769607543945314,"orthographic":false}