{"cameraMode":{"drawMode":0,"name":"Shaded","section":"Shading Mode"},"sceneLighting":true,"audioPlay":false,"sceneViewState":{"showFog":true,"showMaterialUpdate":false,"showSkybox":true,"showFlares":true,"showImageEffects":true,"showParticleSystems":true},"in2DMode":false,"pivot":{"x":4.564066410064697,"y":1.950376033782959,"z":0.5209067463874817},"rotation":{"x":-0.17481541633605958,"y":0.031596772372722629,"z":-0.005612997338175774,"w":-0.984079897403717},"size":11.189757347106934,"orthographic":false}