{"cameraMode":{"drawMode":0,"name":"Shaded","section":"Shading Mode"},"sceneLighting":true,"audioPlay":false,"sceneViewState":{"showFog":true,"showMaterialUpdate":false,"showSkybox":true,"showFlares":true,"showImageEffects":true,"showParticleSystems":true},"in2DMode":false,"pivot":{"x":-2.431272029876709,"y":-1.1893279552459717,"z":1.9346259832382203},"rotation":{"x":-0.12535884976387025,"y":0.7928213477134705,"z":-0.1742163598537445,"w":-0.5704406499862671},"size":7.099635124206543,"orthographic":false}