{"cameraMode":{"drawMode":0,"name":"Shaded","section":"Shading Mode"},"sceneLighting":false,"audioPlay":false,"sceneViewState":{"showFog":true,"showMaterialUpdate":false,"showSkybox":false,"showFlares":true,"showImageEffects":true,"showParticleSystems":true},"in2DMode":false,"pivot":{"x":-13.405160903930664,"y":5.061410427093506,"z":-13.839237213134766},"rotation":{"x":-0.12161944806575775,"y":0.3546742796897888,"z":-0.04722040146589279,"w":-0.9260813593864441},"size":33.3627815246582,"orthographic":false}