{"cameraMode":{"drawMode":0,"name":"Shaded","section":"Shading Mode"},"sceneLighting":true,"audioPlay":false,"sceneViewState":{"showFog":true,"showMaterialUpdate":false,"showSkybox":true,"showFlares":true,"showImageEffects":true,"showParticleSystems":true},"in2DMode":false,"pivot":{"x":20.864389419555665,"y":53.13125228881836,"z":-63.44491958618164},"rotation":{"x":-0.23429414629936219,"y":0.22844406962394715,"z":-0.05760299041867256,"w":-0.9434705376625061},"size":22.0,"orthographic":false}