{"cameraMode":{"drawMode":0,"name":"Shaded","section":"Shading Mode"},"sceneLighting":true,"audioPlay":false,"sceneViewState":{"showFog":true,"showMaterialUpdate":false,"showSkybox":true,"showFlares":true,"showImageEffects":true,"showParticleSystems":true},"in2DMode":false,"pivot":{"x":-289.01055908203127,"y":22.6798038482666,"z":-13.667932510375977},"rotation":{"x":-0.11167759448289871,"y":-0.0035801581107079984,"z":0.0004166593716945499,"w":-0.9937644004821777},"size":133.86683654785157,"orthographic":false}