{"cameraMode":{"drawMode":0,"name":"Shaded","section":"Shading Mode"},"sceneLighting":true,"audioPlay":false,"sceneViewState":{"showFog":true,"showMaterialUpdate":false,"showSkybox":true,"showFlares":true,"showImageEffects":true,"showParticleSystems":true},"in2DMode":false,"pivot":{"x":-69.4910659790039,"y":41.85453796386719,"z":-104.37657928466797},"rotation":{"x":-0.11703245341777802,"y":-0.10052643716335297,"z":0.011908234097063542,"w":-0.9879564642906189},"size":10.0,"orthographic":false}