{"cameraMode":{"drawMode":0,"name":"Shaded","section":"Shading Mode"},"sceneLighting":false,"audioPlay":false,"sceneViewState":{"showFog":true,"showMaterialUpdate":false,"showSkybox":false,"showFlares":true,"showImageEffects":true,"showParticleSystems":true},"in2DMode":false,"pivot":{"x":-4.872669219970703,"y":0.2273966670036316,"z":-4.106461524963379},"rotation":{"x":-0.03567551076412201,"y":-0.03867034241557121,"z":0.0013812280958518386,"w":-0.9986262321472168},"size":0.9283844828605652,"orthographic":false}