{"cameraMode":{"drawMode":0,"name":"Shaded","section":"Shading Mode"},"sceneLighting":true,"audioPlay":false,"sceneViewState":{"showFog":true,"showMaterialUpdate":false,"showSkybox":true,"showFlares":true,"showImageEffects":true,"showParticleSystems":true},"in2DMode":false,"pivot":{"x":760.1707763671875,"y":223.69927978515626,"z":309.67822265625},"rotation":{"x":0.09612180292606354,"y":0.028359463438391687,"z":-0.0027397507801651956,"w":0.9949613809585571},"size":1396.48828125,"orthographic":false}